2011-09-13,5.92923064836
2011-09-14,5.59079751434
2011-09-15,5.09427191414
2011-09-16,4.85451504708
2011-09-17,4.87
2011-09-18,4.8395755941
2011-09-19,4.9
2011-09-20,5.38805369321
2011-09-21,5.70607487898
2011-09-22,5.69696045585
2011-09-23,5.70709887471
2011-09-24,5.72249401876
2011-09-25,6.05
2011-09-26,5.983073481
2011-09-27,4.89540167115
2011-09-28,4.86249770275
2011-09-29,4.81634481364
2011-09-30,
2011-10-01,
2011-10-02,
2011-10-03,4.84777190897
2011-10-04,4.92473681348
2011-10-05,5.0294187478
2011-10-06,4.90884610662
2011-10-07,4.68762890955
2011-10-08,4.45553571429
2011-10-09,3.89
2011-10-10,4.49830189838
2011-10-11,3.99896452357
2011-10-12,3.94396411175
2011-10-13,3.95292279318
2011-10-14,4.05
2011-10-15,
2011-10-16,
2011-10-17,3.92
2011-10-18,
2011-10-19,
2011-10-20,2.24755021483
2011-10-21,2.2403599062
2011-10-22,
2011-10-23,
2011-10-24,2.92988069414
2011-10-25,2.69146910747
2011-10-26,2.68341564015
2011-10-27,
2011-10-28,3.76235453517
2011-10-29,3.87126835264
2011-10-30,3.67057326689
2011-10-31,3.28860505672
2011-11-01,3.32246087581
2011-11-02,
2011-11-03,
2011-11-04,3.32735777598
2011-11-05,3.13141181699
2011-11-06,2.95
2011-11-07,
2011-11-08,3.08
2011-11-09,3.19941894083
2011-11-10,3.18938966016
2011-11-11,3.3
2011-11-12,3.35
2011-11-13,3.35
2011-11-14,2.75830970556
2011-11-15,2.63468292107
2011-11-16,2.98080712167
2011-11-17,2.78260878794
2011-11-18,2.53606965174
2011-11-19,2.44612780339
2011-11-20,2.37
2011-11-21,2.43529773828
2011-11-22,2.46926794333
2011-11-23,
2011-11-24,2.87089669531
2011-11-25,3.15305423257
2011-11-26,2.77
2011-11-27,
2011-11-28,2.6992165855
2011-11-29,2.77382327089
2011-11-30,3.19
2011-12-01,3.44678983722
2011-12-02,3.14707436243
2011-12-03,2.93
2011-12-04,
2011-12-05,2.95171139388
2011-12-06,3.05275121613
2011-12-07,3.19935267286
2011-12-08,3.16774668381
2011-12-09,
2011-12-10,3.11859577716
2011-12-11,3.27761001503
2011-12-12,3.50885228737
2011-12-13,3.4501600058
2011-12-14,3.4417001627
2011-12-15,3.43540032726
2011-12-16,3.44060139356
2011-12-17,
2011-12-18,3.39792874895
2011-12-19,3.8096681176
2011-12-20,4.57003034577
2011-12-21,4.38
2011-12-22,4.18381884481
2011-12-23,4.18625701649
2011-12-24,4.33
2011-12-25,4.30397596469
2011-12-26,4.29600078561
2011-12-27,4.31066492956
2011-12-28,4.26789587568
2011-12-29,4.34832112065
2011-12-30,4.23234753066
2011-12-31,4.4621255323
2012-01-01,4.89672993241
2012-01-02,5.0
2012-01-03,5.27964067777
2012-01-04,5.29757461686
2012-01-05,6.19961419834
2012-01-06,6.57577205742
2012-01-07,6.8
2012-01-08,6.92
2012-01-09,6.6255302208
2012-01-10,6.63355620316
2012-01-11,7.05219374195
2012-01-12,7.2667044125
2012-01-13,7.0438295775
2012-01-14,6.44373960561
2012-01-15,7.15
2012-01-16,6.85808929954
2012-01-17,6.12819805341
2012-01-18,6.15176079213
2012-01-19,6.25100260435
2012-01-20,6.75392637081
2012-01-21,6.29208123552
2012-01-22,6.16956114034
2012-01-23,6.4104489542
2012-01-24,6.44423500753
2012-01-25,6.23731456812
2012-01-26,6.14731751724
2012-01-27,5.73890012008
2012-01-28,4.91
2012-01-29,5.5220853758
2012-01-30,5.53567282322
2012-01-31,5.7833416592
2012-02-01,5.90462258905
2012-02-02,6.14281350922
2012-02-03,6.11208404606
2012-02-04,6.03045882527
2012-02-05,5.85922278662
2012-02-06,5.54687787514
2012-02-07,5.66568322075
2012-02-08,5.71162489112
2012-02-09,5.77621304562
2012-02-10,5.87934334784
2012-02-11,5.52005463297
2012-02-12,5.72597482838
2012-02-13,5.72545693342
2012-02-14,5.16208334821
2012-02-15,4.95222043009
2012-02-16,4.62834421255
2012-02-17,4.70528674775
2012-02-18,4.40772181604
2012-02-19,4.32882757458
2012-02-20,4.55754296133
2012-02-21,4.45016115515
2012-02-22,4.53276630259
2012-02-23,4.91876692117
2012-02-24,5.14793325182
2012-02-25,5.01246160392
2012-02-26,4.92420537897
2012-02-27,5.05757765525
2012-02-28,5.0235497397
2012-02-29,4.94501538203
2012-03-01,4.99731872037
2012-03-02,4.74270808102
2012-03-03,4.68442141316
2012-03-04,4.79598210271
2012-03-05,4.96071773773
2012-03-06,4.99459001082
2012-03-07,5.07346069042
2012-03-08,4.96110698215
2012-03-09,5.02792474282
2012-03-10,4.85743964058
2012-03-11,4.90133894053
2012-03-12,4.95522424377
2012-03-13,5.05766406102
2012-03-14,5.35317643827
2012-03-15,5.36037670462
2012-03-16,5.35702190569
2012-03-17,5.39169235538
2012-03-18,5.33661414619
2012-03-19,5.07478390585
2012-03-20,4.89074203454
2012-03-21,4.93480873135
2012-03-22,4.87204902613
2012-03-23,4.62908467011
2012-03-24,4.80440675275
2012-03-25,4.58219991831
2012-03-26,4.56575063526
2012-03-27,4.78734419836
2012-03-28,4.85547174134
2012-03-29,4.84445189911
2012-03-30,4.85723113361
2012-03-31,4.91016941137
2012-04-01,4.79312554873
2012-04-02,4.92604845007
2012-04-03,4.97073785718
2012-04-04,4.91519397483
2012-04-05,4.96502351692
2012-04-06,4.88161796438
2012-04-07,4.79159460934
2012-04-08,4.75130819928
2012-04-09,4.77373342597
2012-04-10,4.8140529819
2012-04-11,4.87096366652
2012-04-12,4.84671066125
2012-04-13,4.89476746566
2012-04-14,4.97165159157
2012-04-15,4.95688209505
2012-04-16,4.95713672084
2012-04-17,4.9816110764
2012-04-18,5.10167577362
2012-04-19,5.11405755109
2012-04-20,5.16852483021
2012-04-21,5.25703500442
2012-04-22,5.21099098956
2012-04-23,5.14419335435
2012-04-24,5.08418890962
2012-04-25,5.01464018279
2012-04-26,5.02198481157
2012-04-27,5.01111894246
2012-04-28,4.95982384462
2012-04-29,4.88020974012
2012-04-30,4.946262214
2012-05-01,4.97423921376
2012-05-02,5.07476056435
2012-05-03,5.10587149563
2012-05-04,5.1149578255
2012-05-05,5.06578518029
2012-05-06,5.05264858489
2012-05-07,5.03445520713
2012-05-08,5.04619539701
2012-05-09,5.03855295587
2012-05-10,4.99070997669
2012-05-11,4.92669209539
2012-05-12,4.92687078649
2012-05-13,4.94178748514
2012-05-14,4.9265588519
2012-05-15,4.96395388576
2012-05-16,5.01085553693
2012-05-17,5.02526332524
2012-05-18,5.04947011862
2012-05-19,5.06865575572
2012-05-20,5.07399260507
2012-05-21,5.05946322657
2012-05-22,5.05125141106
2012-05-23,5.06408885244
2012-05-24,5.09220833645
2012-05-25,5.08749498579
2012-05-26,5.08837608552
2012-05-27,5.05379871068
2012-05-28,5.07898054864
2012-05-29,5.07021655175
2012-05-30,5.12010592349
2012-05-31,5.12888816166
2012-06-01,5.20949974217
2012-06-02,5.19455918005
2012-06-03,5.19300817067
2012-06-04,5.18461377485
2012-06-05,5.36301977488
2012-06-06,5.43684879634
2012-06-07,5.47275460588
2012-06-08,5.56445249005
2012-06-09,5.57395077233
2012-06-10,5.4643322738
2012-06-11,5.45982622209
2012-06-12,5.86903541473
2012-06-13,5.85781671919
2012-06-14,5.84082979519
2012-06-15,5.86020924434
2012-06-16,6.36330404892
2012-06-17,6.3178950333
2012-06-18,6.14466423759
2012-06-19,6.41240931388
2012-06-20,6.53533609978
2012-06-21,6.65806795099
2012-06-22,6.61068536076
2012-06-23,6.44534835018
2012-06-24,6.39447611661
2012-06-25,6.24617931075
2012-06-26,6.3328944826
2012-06-27,6.53904879503
2012-06-28,6.2756293953
2012-06-29,6.51000624542
2012-06-30,6.52544974272
2012-07-01,6.55178202107
2012-07-02,6.58922415392
2012-07-03,6.57010451124
2012-07-04,6.47497298959
2012-07-05,6.60417808648
2012-07-06,6.52187383803
2012-07-07,6.6654530727
2012-07-08,6.60374863961
2012-07-09,6.79433205908
2012-07-10,7.02567565138
2012-07-11,7.11201155346
2012-07-12,7.18307166339
2012-07-13,7.59130889688
2012-07-14,7.53932386935
2012-07-15,7.50193401446
2012-07-16,7.63920785558
2012-07-17,8.20320787026
2012-07-18,8.72959501985
2012-07-19,9.0596277563
2012-07-20,8.18513815277
2012-07-21,8.63355171524
2012-07-22,8.57267161303
2012-07-23,8.59499477383
2012-07-24,8.58287386529
2012-07-25,8.51094768349
2012-07-26,8.62482336207
2012-07-27,8.86464724429
2012-07-28,8.90479281083
2012-07-29,8.7313322413
2012-07-30,8.69707708047
2012-07-31,9.16735124132
2012-08-01,9.32753120486
2012-08-02,9.5773628618
2012-08-03,10.7800070425
2012-08-04,10.7487050683
2012-08-05,10.4545508089
2012-08-06,10.7371531318
2012-08-07,10.7659321357
2012-08-08,10.8952715683
2012-08-09,11.2098204209
2012-08-10,11.096739241
2012-08-11,11.3150631368
2012-08-12,11.4659768247
2012-08-13,11.6295231094
2012-08-14,12.0496962316
2012-08-15,12.5065510731
2012-08-16,13.3036774458
2012-08-17,14.2476034723
2012-08-18,11.6262854789
2012-08-19,8.97747235161
2012-08-20,9.0631897225
2012-08-21,10.1447022065
2012-08-22,10.2995893283
2012-08-23,9.99721323662
2012-08-24,10.1157765929
2012-08-25,10.4018510301
2012-08-26,10.4774874534
2012-08-27,11.1210192881
2012-08-28,10.9477780892
2012-08-29,10.7797137579
2012-08-30,10.7220535187
2012-08-31,10.296391581
2012-09-01,9.9657996113
2012-09-02,9.9156543151
2012-09-03,10.3263902291
2012-09-04,10.3226336288
2012-09-05,10.4798603588
2012-09-06,10.8722278704
2012-09-07,11.0071460006
2012-09-08,10.8836002449
2012-09-09,10.9004084527
2012-09-10,10.9033508446
2012-09-11,10.7924392654
2012-09-12,11.017483099
2012-09-13,11.2659579013
2012-09-14,11.3354499274
2012-09-15,11.5474178924
2012-09-16,11.6658458518
2012-09-17,11.7362796594
2012-09-18,11.8725066469
2012-09-19,12.30938714
2012-09-20,12.4291648964
2012-09-21,12.1706843274
2012-09-22,12.066135219
2012-09-23,11.9022801918
2012-09-24,11.862035413
2012-09-25,11.886503098
2012-09-26,12.0295919822
2012-09-27,12.1108732057
2012-09-28,12.0303063219
2012-09-29,12.2099633544
2012-09-30,12.1906410356
2012-10-01,12.0211888171
2012-10-02,12.4530595326
2012-10-03,12.7854707028
2012-10-04,12.7028611294
2012-10-05,12.3361553542
2012-10-06,12.4181653973
2012-10-07,11.9939318344
2012-10-08,11.0757648505
2012-10-09,11.9406978956
2012-10-10,11.9753078313
2012-10-11,11.8253988271
2012-10-12,11.9990838952
2012-10-13,11.9111440146
2012-10-14,11.8417431269
2012-10-15,11.4817117276
2012-10-16,11.6081989682
2012-10-17,11.6912051907
2012-10-18,11.7840314574
2012-10-19,11.7218031701
2012-10-20,11.6237310338
2012-10-21,11.45165443
2012-10-22,11.4820083908
2012-10-23,11.501261847
2012-10-24,11.3631476982
2012-10-25,11.016714307
2012-10-26,10.3632592426
2012-10-27,9.98723048091
2012-10-28,10.522492712
2012-10-29,10.6175843468
2012-10-30,10.664163017
2012-10-31,10.8424116066
2012-11-01,10.9162492289
2012-11-02,10.6824819607
2012-11-03,10.5454882296
2012-11-04,10.5086863583
2012-11-05,10.5988316223
2012-11-06,10.6448569494
2012-11-07,10.684161084
2012-11-08,10.5809264593
2012-11-09,10.7672538578
2012-11-10,10.7786402809
2012-11-11,10.7281499877
2012-11-12,10.8515345092
2012-11-13,10.9077128866
2012-11-14,10.9135703832
2012-11-15,10.974924158
2012-11-16,11.1706654627
2012-11-17,11.5351988748
2012-11-18,11.469724182
2012-11-19,11.3738163754
2012-11-20,11.5953450161
2012-11-21,11.5155835487
2012-11-22,11.8135866494
2012-11-23,12.0592980847
2012-11-24,12.1713966896
2012-11-25,12.2867365973
2012-11-26,12.2170232223
2012-11-27,11.9895569544
2012-11-28,12.1586216664
2012-11-29,12.2783979872
2012-11-30,12.3421433586
2012-12-01,12.4048489913
2012-12-02,12.3741171416
2012-12-03,12.4424025601
2012-12-04,12.7138427861
2012-12-05,13.1233227383
2012-12-06,13.2840502711
2012-12-07,13.3333487245
2012-12-08,13.332347649
2012-12-09,13.1998747468
2012-12-10,13.2511933752
2012-12-11,13.315604276
2012-12-12,13.3950579349
2012-12-13,13.3369190303
2012-12-14,13.6673093505
2012-12-15,13.3252973609
2012-12-16,13.3390242715
2012-12-17,13.0355782506
2012-12-18,13.0281808519
2012-12-19,13.213337635
2012-12-20,13.3022548164
2012-12-21,13.2541122691
2012-12-22,13.2316188015
2012-12-23,13.133109271
2012-12-24,13.0960454234
2012-12-25,13.1522037585
2012-12-26,13.0559545522
2012-12-27,13.0848089474
2012-12-28,13.1454275705
2012-12-29,13.2190543763
2012-12-30,13.234453439
2012-12-31,13.1682666744
2013-01-01,13.0077229833
2013-01-02,13.0994193563
2013-01-03,13.131476663
2013-01-04,13.0967234039
2013-01-05,13.1334492229
2013-01-06,13.1040636804
2013-01-07,13.1482951593
2013-01-08,13.3359577164
2013-01-09,13.4169206013
2013-01-10,13.7985869948
2013-01-11,13.9751643492
2013-01-12,13.9368275177
2013-01-13,13.7443864218
2013-01-14,13.9461438562
2013-01-15,14.141448862
2013-01-16,14.4043526733
2013-01-17,14.945745442
2013-01-18,15.4722583963
2013-01-19,15.4001384809
2013-01-20,15.5193734534
2013-01-21,16.2979958097
2013-01-22,17.2184943604
2013-01-23,17.2819059086
2013-01-24,18.0921572559
2013-01-25,17.104691871
2013-01-26,17.0505450877
2013-01-27,17.4613140135
2013-01-28,18.0299600693
2013-01-29,19.1713945199
2013-01-30,19.1119450805
2013-01-31,20.088257196
2013-02-01,20.5822832589
2013-02-02,19.6683949058
2013-02-03,20.1764151844
2013-02-04,20.430622002
2013-02-05,20.3951455532
2013-02-06,20.7892677752
2013-02-07,21.2619721355
2013-02-08,22.2938241045
2013-02-09,22.695563949
2013-02-10,23.4186641351
2013-02-11,23.6266613528
2013-02-12,24.9513059212
2013-02-13,25.5591074511
2013-02-14,25.29037311
2013-02-15,27.1582818417
2013-02-16,27.0934805685
2013-02-17,26.2202766028
2013-02-18,26.6749427656
2013-02-19,28.2155390588
2013-02-20,29.630297508
2013-02-21,29.9058237561
2013-02-22,30.5073668757
2013-02-23,28.9733952756
2013-02-24,29.7708433211
2013-02-25,30.2363037015
2013-02-26,30.9380818817
2013-02-27,31.2043509136
2013-02-28,33.0992193229
2013-03-01,34.0998627891
2013-03-02,34.1310310132
2013-03-03,34.1677451385
2013-03-04,35.3871610853
2013-03-05,39.3791237678
2013-03-06,46.3859651721
2013-03-07,40.3588642075
2013-03-08,42.8146756125
2013-03-09,44.2990528544
2013-03-10,46.2887120925
2013-03-11,47.2538969066
2013-03-12,43.3055797104
2013-03-13,46.1987338613
2013-03-14,47.3891044486
2013-03-15,47.0992645282
2013-03-16,46.8075733621
2013-03-17,46.9895527129
2013-03-18,48.1449073248
2013-03-19,55.2792402931
2013-03-20,61.9237907212
2013-03-21,70.6705457028
2013-03-22,70.6586505175
2013-03-23,61.0695926097
2013-03-24,68.7777281485
2013-03-25,73.2181837015
2013-03-26,79.5421426393
2013-03-27,86.9892658446
2013-03-28,90.1065302685
2013-03-29,89.8633278478
2013-03-30,92.8724369442
2013-03-31,94.1735488963
2013-04-01,99.6089394642
2013-04-02,109.208474995
2013-04-03,129.444437993
2013-04-04,132.487568009
2013-04-05,140.075504056
2013-04-06,141.669015017
2013-04-07,153.159275565
2013-04-08,182.072800633
2013-04-09,214.856467019
2013-04-10,174.620023277
2013-04-11,106.305918583
2013-04-12,75.9013600595
2013-04-13,101.515521168
2013-04-14,95.1077609332
2013-04-15,86.1154881127
2013-04-16,65.3974936351
2013-04-17,84.5162919376
2013-04-18,96.7675003237
2013-04-19,118.201121538
2013-04-20,122.745095682
2013-04-21,117.177073115
2013-04-22,120.88832076
2013-04-23,130.990492207
2013-04-24,147.509022663
2013-04-25,143.136291573
2013-04-26,134.160308687
2013-04-27,131.63980572
2013-04-28,133.759469674
2013-04-29,141.282188442
2013-04-30,139.101509117
2013-05-01,121.861258078
2013-05-02,107.584140967
2013-05-03,91.3809139925
2013-05-04,105.624541762
2013-05-05,113.694399502
2013-05-06,117.044791734
2013-05-07,107.012504006
2013-05-08,113.010112841
2013-05-09,111.147005268
2013-05-10,115.480803305
2013-05-11,115.367246503
2013-05-12,114.938153638
2013-05-13,116.097675517
2013-05-14,112.979335308
2013-05-15,108.835763815
2013-05-16,110.981002549
2013-05-17,115.500762859
2013-05-18,117.491005874
2013-05-19,117.194578865
2013-05-20,117.41386142
2013-05-21,117.70802427
2013-05-22,118.437254369
2013-05-23,120.934741117
2013-05-24,126.362304195
2013-05-25,128.165318216
2013-05-26,129.554560149
2013-05-27,127.339014772
2013-05-28,125.584749879
2013-05-29,128.290660133
2013-05-30,128.873457533
2013-05-31,127.891616035
2013-06-01,128.140876613
2013-06-02,121.879108144
2013-06-03,120.283555819
2013-06-04,120.730716644
2013-06-05,120.816090455
2013-06-06,120.07393256
2013-06-07,112.970337728
2013-06-08,109.629214881
2013-06-09,97.5617937905
2013-06-10,101.961273405
2013-06-11,106.25948166
2013-06-12,108.206692193
2013-06-13,103.456672811
2013-06-14,99.6325437789
2013-06-15,100.114946833
2013-06-16,99.6825717478
2013-06-17,100.047257076
2013-06-18,104.871633094
2013-06-19,105.276540991
2013-06-20,105.851516231
2013-06-21,99.7953135861
2013-06-22,100.653129461
2013-06-23,100.012463005
2013-06-24,98.470772328
2013-06-25,99.4286580657
2013-06-26,98.3480316434
2013-06-27,97.6563540234
2013-06-28,91.8044201379
2013-06-29,89.4285464141
2013-06-30,89.2046464355
2013-07-01,85.5466610067
2013-07-02,86.1698599861
2013-07-03,82.4544915075
2013-07-04,77.040928381
2013-07-05,70.5082443333
2013-07-06,67.2106568093
2013-07-07,68.5256167015
2013-07-08,74.1494711254
2013-07-09,73.5020555479
2013-07-10,79.9004658715
2013-07-11,86.2388991974
2013-07-12,93.2495158245
2013-07-13,89.6057298578
2013-07-14,91.8258670232
2013-07-15,93.1864749265
2013-07-16,92.1836099427
2013-07-17,90.8865094758
2013-07-18,82.4785150674
2013-07-19,85.0124394317
2013-07-20,86.1017604147
2013-07-21,85.4170885157
2013-07-22,86.0998635953
2013-07-23,85.6865102459
2013-07-24,87.4321803318
2013-07-25,89.3725017614
2013-07-26,90.3313221063
2013-07-27,88.7599515131
2013-07-28,91.4400155416
2013-07-29,92.6986759208
2013-07-30,94.4532119627
2013-07-31,98.5798852761
2013-08-01,97.1292743499
2013-08-02,96.5538031528
2013-08-03,95.6825308566
2013-08-04,96.2228835131
2013-08-05,97.5850898776
2013-08-06,98.2403206938
2013-08-07,97.2546686656
2013-08-08,94.548262971
2013-08-09,92.8872331161
2013-08-10,93.2105456285
2013-08-11,93.8140222406
2013-08-12,94.3226146228
2013-08-13,96.4964147992
2013-08-14,99.1170527335
2013-08-15,98.6050310035
2013-08-16,97.9332618944
2013-08-17,98.8175828445
2013-08-18,99.1115231858
2013-08-19,102.129275177
2013-08-20,103.658461691
2013-08-21,108.130986992
2013-08-22,111.317999218
2013-08-23,107.814825875
2013-08-24,108.524293413
2013-08-25,110.929176712
2013-08-26,108.968827414
2013-08-27,116.827848911
2013-08-28,118.491727732
2013-08-29,118.654390873
2013-08-30,122.798379383
2013-08-31,129.216287475
2013-09-01,130.084655413
2013-09-02,130.570895781
2013-09-03,129.43537495
2013-09-04,124.344991869
2013-09-05,121.964313795
2013-09-06,120.425598374
2013-09-07,118.79870063
2013-09-08,118.425813119
2013-09-09,119.449318282
2013-09-10,122.802264355
2013-09-11,122.878295664
2013-09-12,126.908949689
2013-09-13,127.623009597
2013-09-14,125.302859459
2013-09-15,124.617007149
2013-09-16,125.832624391
2013-09-17,126.799660832
2013-09-18,127.263876927
2013-09-19,125.47405294
2013-09-20,123.819321783
2013-09-21,123.159971015
2013-09-22,122.977465684
2013-09-23,123.061429057
2013-09-24,122.905015293
2013-09-25,124.301161586
2013-09-26,124.172700106
2013-09-27,125.85487007
2013-09-28,126.245117268
2013-09-29,127.422647208
2013-09-30,125.973673322
2013-10-01,127.186255564
2013-10-02,109.647971485
2013-10-03,110.300503113
2013-10-04,120.657675118
2013-10-05,121.485440634
2013-10-06,121.924703714
2013-10-07,122.929143782
2013-10-08,123.89518221
2013-10-09,125.273291416
2013-10-10,125.886439881
2013-10-11,126.729195698
2013-10-12,127.399822238
2013-10-13,130.050268329
2013-10-14,135.271216257
2013-10-15,138.900312087
2013-10-16,142.611558658
2013-10-17,141.809864691
2013-10-18,148.307399702
2013-10-19,163.264179571
2013-10-20,165.183478089
2013-10-21,175.723585271
2013-10-22,189.143235332
2013-10-23,196.247683392
2013-10-24,185.910923633
2013-10-25,179.401289812
2013-10-26,182.176700555
2013-10-27,188.760372031
2013-10-28,194.846663497
2013-10-29,200.17159987
2013-10-30,201.048765885
2013-10-31,200.401438861
2013-11-01,202.607413129
2013-11-02,204.21696086
2013-11-03,206.494978892
2013-11-04,213.9452863565
2013-11-05,238.371071484
2013-11-06,255.409146288
2013-11-07,280.6379081055
2013-11-08,317.942483992
2013-11-09,338.713990871
2013-11-10,299.680435524
2013-11-11,336.28629592000004
2013-11-12,349.9916020595
2013-11-13,370.6169346195
2013-11-14,409.226314969
2013-11-15,418.63839807349996
2013-11-16,421.679707077
2013-11-17,458.82543057149996
2013-11-18,542.2735329244999
2013-11-19,604.3663175009999
2013-11-20,516.688648366
2013-11-21,646.5732758839999
2013-11-22,730.0467400605
2013-11-23,817.8112015869999
2013-11-24,802.440970379
2013-11-25,797.2185510225
2013-11-26,822.4729545685
2013-11-27,922.5274103765
2013-11-28,1004.387306071
2013-11-29,1084.76591048
2013-11-30,1122.30645477
2013-12-01,929.493121921
2013-12-02,999.1499151285
2013-12-03,1049.27240312
2013-12-04,1126.5310563550001
2013-12-05,1016.3885318165
2013-12-06,886.1935928665
2013-12-07,722.54872372
2013-12-08,719.9639512045001
2013-12-09,882.875931767
2013-12-10,962.5633271429999
2013-12-11,913.9812907334999
2013-12-12,875.982995253
2013-12-13,901.0098736015
2013-12-14,879.0741374165
2013-12-15,853.4084564025
2013-12-16,760.426931918
2013-12-17,687.7169005595
2013-12-18,554.687703242
2013-12-19,618.1617018325001
2013-12-20,655.4784482504999
2013-12-21,613.019372341
2013-12-22,640.8768759095001
2013-12-23,643.1297763635
2013-12-24,654.5617408905
2013-12-25,660.897688019
2013-12-26,722.5918490265001
2013-12-27,725.762041029
2013-12-28,721.3670747985
2013-12-29,714.5726683165
2013-12-30,734.6602831475
2013-12-31,724.605645653
2014-01-01,744.3961949605
2014-01-02,758.3854274205
2014-01-03,803.853897117
2014-01-04,809.028152483
2014-01-05,862.1509594465
2014-01-06,933.4189527905
2014-01-07,853.1089611446665
2014-01-08,824.0812529223332
2014-01-09,817.6732826900001
2014-01-10,836.0775179426665
2014-01-11,890.6549631856666
2014-01-12,869.5818675573333
2014-01-13,831.524745758
2014-01-14,830.8134449146665
2014-01-15,841.5208005486667
2014-01-16,835.3046174823334
2014-01-17,801.883976062
2014-01-18,812.685298671
2014-01-19,822.3919866153333
2014-01-20,829.7980358883333
2014-01-21,824.1175719133333
2014-01-22,817.1127079646667
2014-01-23,816.8437083140001
2014-01-24,799.421829209
2014-01-25,805.1743347546667
2014-01-26,820.5662681933333
2014-01-27,790.0183680920001
2014-01-28,792.7762429433333
2014-01-29,799.1859610800001
2014-01-30,799.5350456340001
2014-01-31,801.3909790563333
2014-02-01,816.863561403
2014-02-02,822.895666828
2014-02-03,809.6775036236668
2014-02-04,807.6335006656667
2014-02-05,800.5962743
2014-02-06,777.9419644023334
2014-02-07,715.0790733986668
2014-02-08,699.5227880823332
2014-02-09,712.4483132933333
2014-02-10,660.5811714426667
2014-02-11,690.9641560670001
2014-02-12,669.0840330853333
2014-02-13,631.9103382356667
2014-02-14,627.447640557
2014-02-15,655.5142930439999
2014-02-16,632.6257511226667
2014-02-17,638.1547490203334
2014-02-18,638.0098787359999
2014-02-19,628.4949862353333
2014-02-20,596.8747080490001
2014-02-21,568.3042882346666
2014-02-22,592.5347093476666
2014-02-23,620.672936551
2014-02-24,580.0068010326667
2014-02-25,502.57650591300006
2014-02-26,579.040918327
2014-02-27,584.0890628913334
2014-02-28,569.4476443363333
2014-03-01,565.715622784
2014-03-02,570.4425265273334
2014-03-03,635.629796326
2014-03-04,677.8403605980001
2014-03-05,669.2080209143334
2014-03-06,666.7896879893333
2014-03-07,640.7806889283333
2014-03-08,625.9515036839999
2014-03-09,633.9844164893334
2014-03-10,631.3705885676667
2014-03-11,618.7252142840001
2014-03-12,639.5985469843334
2014-03-13,644.2535513243333
2014-03-14,635.3142647796666
2014-03-15,636.1680284543332
2014-03-16,638.7861791426667
2014-03-17,627.7530931743332
2014-03-18,615.2681012639999
2014-03-19,615.8735744249999
2014-03-20,600.1468359363333
2014-03-21,583.8501370423334
2014-03-22,560.9397612026668
2014-03-23,570.3449970793332
2014-03-24,569.5534305486667
2014-03-25,581.3217109186667
2014-03-26,584.6836714546666
2014-03-27,539.9568717186667
2014-03-28,513.6794322726668
2014-03-29,503.30552328766663
2014-03-30,468.20536009100005
2014-03-31,458.76968691
2014-04-01,481.058052869
2014-04-02,463.82285837166665
2014-04-03,443.97520346633337
2014-04-04,451.01513518633334
2014-04-05,454.0967891556666
2014-04-06,459.3700102276666
2014-04-07,456.8957776236666
2014-04-08,454.113593931
2014-04-09,448.20050919766663
2014-04-10,405.17119437833327
2014-04-11,390.0820162623333
2014-04-12,431.1457095026667
2014-04-13,416.35622873433334
2014-04-14,442.8714733763333
2014-04-15,491.0964871196666
2014-04-16,519.630915451
2014-04-17,503.917229058
2014-04-18,492.4509449496666
2014-04-19,498.9704663616667
2014-04-20,507.799608491
2014-04-21,500.01387523399995
2014-04-22,496.672891924
2014-04-23,490.428398922
2014-04-24,490.61035351866667
2014-04-25,465.8896039703333
2014-04-26,461.27744035066667
2014-04-27,450.8538150926667
2014-04-28,439.36718984199996
2014-04-29,446.056496836
2014-04-30,446.394888698
2014-05-01,456.8232241983333
2014-05-02,451.2692046690001
2014-05-03,441.83368797799994
2014-05-04,435.918289143
2014-05-05,431.5900800606667
2014-05-06,429.38745572199997
2014-05-07,442.755062835
2014-05-08,443.87848954533337
2014-05-09,449.54796486633336
2014-05-10,451.24181917566665
2014-05-11,439.24451377066663
2014-05-12,437.914373279
2014-05-13,436.8463751533333
2014-05-14,441.4798549766667
2014-05-15,443.1845020896667
2014-05-16,447.2304778750001
2014-05-17,446.80209352133335
2014-05-18,443.89390197433335
2014-05-19,439.45394610000005
2014-05-20,469.80572054000004
2014-05-21,488.747159109
2014-05-22,508.91867243199994
2014-05-23,526.637603328
2014-05-24,514.706321063
2014-05-25,554.491872567
2014-05-26,578.4339547870001
2014-05-27,571.6639570193333
2014-05-28,572.6965252696667
2014-05-29,570.7046211100001
2014-05-30,605.024998243
2014-05-31,625.4449405566667
2014-06-01,653.8811910516666
2014-06-02,646.5694595589999
2014-06-03,672.9525006873333
2014-06-04,642.6827073423333
2014-06-05,658.6122411243333
2014-06-06,657.9402963976667
2014-06-07,653.3830317213334
2014-06-08,657.357989619
2014-06-09,650.0180267826667
2014-06-10,654.4579273616667
2014-06-11,640.2440556763332
2014-06-12,607.8389785170001
2014-06-13,585.7979463429999
2014-06-14,560.6088666306667
2014-06-15,564.7566147140001
2014-06-16,594.274391303
2014-06-17,599.4962280533333
2014-06-18,609.3584212226667
2014-06-19,605.9530823766667
2014-06-20,593.7612954733333
2014-06-21,590.471403505
2014-06-22,601.6640432266666
2014-06-23,591.8782353863334
2014-06-24,586.680972535
2014-06-25,570.584317273
2014-06-26,572.887886445
2014-06-27,587.8646029390001
2014-06-28,599.056369929
2014-06-29,598.7275127070001
2014-06-30,623.6125447273333
2014-07-01,647.8005190826667
2014-07-02,647.7805792693333
2014-07-03,646.5052479783334
2014-07-04,636.6658644959999
2014-07-05,628.5648280556667
2014-07-06,635.2222681106667
2014-07-07,624.1050895490001
2014-07-08,620.488802991
2014-07-09,623.419230083
2014-07-10,616.518026804
2014-07-11,623.33811205
2014-07-12,631.8127594076667
2014-07-13,630.1725682130001
2014-07-14,622.4752819196666
2014-07-15,621.6535266326667
2014-07-16,618.839572974
2014-07-17,621.4749698553334
2014-07-18,621.249307177
2014-07-19,626.5871858143333
2014-07-20,623.9954905293333
2014-07-21,621.843174333
2014-07-22,619.594474004
2014-07-23,615.1151775283333
2014-07-24,605.2910373776667
2014-07-25,602.4536722146667
2014-07-26,595.3460772779999
2014-07-27,595.821850444
2014-07-28,584.4521781736667
2014-07-29,582.4618724346666
2014-07-30,571.7332760073333
2014-07-31,573.7815021853334
2014-08-01,539.6623822343333
2014-08-02,590.729050857
2014-08-03,585.7001041540001
2014-08-04,588.0302115896667
2014-08-05,586.0857836226667
2014-08-06,580.2291990604999
2014-08-07,584.6840152686667
2014-08-08,588.57648691
2014-08-09,584.6357882563333
2014-08-10,587.7862854083334
2014-08-11,582.1311981
2014-08-12,568.5428572239999
2014-08-13,552.185596477
2014-08-14,515.7114700496667
2014-08-15,509.39908546299995
2014-08-16,507.208152249
2014-08-17,506.32026726566664
2014-08-18,478.24322163233336
2014-08-19,481.08407272433334
2014-08-20,499.4377043663333
2014-08-21,517.354395808
2014-08-22,519.6433931843334
2014-08-23,508.2211366586667
2014-08-24,511.64619748900003
2014-08-25,502.8177625383333
2014-08-26,511.05361319450003
2014-08-27,518.5234889276667
2014-08-28,505.21898105533336
2014-08-29,513.4515694563333
2014-08-30,501.52672600466667
2014-08-31,493.1171461566667
2014-09-01,484.62749731266666
2014-09-02,494.7260459566667
2014-09-03,476.13272250750003
2014-09-04,481.13563706866665
2014-09-05,482.914320992
2014-09-06,496.2549516226666
2014-09-07,483.107694844
2014-09-08,473.2484529763333
2014-09-09,468.26580388233333
2014-09-10,479.4740714583333
2014-09-11,475.370909129
2014-09-12,471.0465061915
2014-09-13,476.089100425
2014-09-14,481.42617244133334
2014-09-15,471.6521891886667
2014-09-16,472.18454874033335
2014-09-17,458.41668459933334
2014-09-18,428.90826191133334
2014-09-19,401.4437869403334
2014-09-20,407.1424681706667
2014-09-21,402.53659688266674
2014-09-22,380.1802585186667
2014-09-23,427.1165814056667
2014-09-24,419.67797021766665
2014-09-25,410.38750605033334
2014-09-26,404.49923154550004
2014-09-27,401.2982229305
2014-09-28,396.67630887366664
2014-09-29,380.6821978396667
2014-09-30,385.4772289323333
2014-10-01,385.7484374523333
2014-10-02,376.9339947333333
2014-10-03,368.12880401200005
2014-10-04,341.5460294526667
2014-10-05,310.6582616823334
2014-10-06,319.88284007733336
2014-10-07,331.15120137466664
2014-10-08,341.4989380233333
2014-10-09,366.47906930999994
2014-10-10,365.25983657533334
2014-10-11,362.1324654686667
2014-10-12,370.181262056
2014-10-13,385.55433791800004
2014-10-14,403.63077632666665
2014-10-15,389.4639642283334
2014-10-16,384.2859756766666
2014-10-17,382.0064062593333
2014-10-18,386.9194488416667
2014-10-19,388.5978759155
2014-10-20,384.602849783
2014-10-21,383.4807442063333
2014-10-22,385.7344460913334
2014-10-23,367.5882696866667
2014-10-24,359.6211113543333
2014-10-25,352.62485732566665
2014-10-26,356.01191040233334
2014-10-27,356.2662900703333
2014-10-28,355.3548764083334
2014-10-29,344.2675613153333
2014-10-30,339.86393737966665
2014-10-31,342.7945663166667
2014-11-01,327.3077121956667
2014-11-02,324.1601771476667
2014-11-03,329.27789779299997
2014-11-04,326.2738981713333
2014-11-05,332.5758527516667
2014-11-06,346.5528975876667
2014-11-07,342.13360637566666
2014-11-08,343.84216811666664
2014-11-09,351.2193694553334
2014-11-10,363.0080024576667
2014-11-11,366.2472237926666
2014-11-12,405.20180813166667
2014-11-13,419.8986409986667
2014-11-14,401.279576127
2014-11-15,380.2582916503333
2014-11-16,384.31722804066663
2014-11-17,399.622873605
2014-11-18,382.19812100900003
2014-11-19,380.82295821966665
2014-11-20,363.15659063366667
2014-11-21,353.41735695766664
2014-11-22,358.3222993763334
2014-11-23,359.97446677533327
2014-11-24,375.189488629
2014-11-25,383.1203608536666
2014-11-26,375.2171021936667
2014-11-27,372.735932999
2014-11-28,373.397627478
2014-11-29,380.16115868066663
2014-11-30,379.3572482480001
2014-12-01,376.66405277200005
2014-12-02,378.4735148446666
2014-12-03,377.83104403966666
2014-12-04,371.084848991
2014-12-05,375.04553647833336
2014-12-06,377.6775382026667
2014-12-07,374.7611970973333
2014-12-08,368.9896934763333
2014-12-09,351.694409318
2014-12-10,349.33987949399994
2014-12-11,355.0625057493333
2014-12-12,355.102053509
2014-12-13,350.3252719316667
2014-12-14,353.59954507766673
2014-12-15,349.272721025
2014-12-16,339.162462905
2014-12-17,323.87508789300006
2014-12-18,322.7088075906666
2014-12-19,320.166653113
2014-12-20,330.31993183966665
2014-12-21,324.8729363026667
2014-12-22,325.784572818
2014-12-23,334.0449070166666
2014-12-24,330.47770083
2014-12-25,319.7280149065
2014-12-26,323.474221021
2014-12-27,318.24088987233336
2014-12-28,317.23686417733336
2014-12-29,317.135890865
2014-12-30,312.28617010199997
2014-12-31,316.97293477566666
2015-01-01,316.7683923903333
2015-01-02,315.785146125
2015-01-03,301.5124331673333
2015-01-04,276.7060533123333
2015-01-05,271.1394944803333
2015-01-06,274.25645976600003
2015-01-07,293.55104698599996
2015-01-08,290.3640031905
2015-01-09,291.7708863473333
2015-01-10,282.503461372
2015-01-11,271.2584188116667
2015-01-12,275.0056161346667
2015-01-13,236.81083038900002
2015-01-14,195.66834175833333
2015-01-15,208.34879749799998
2015-01-16,210.38012868633334
2015-01-17,200.44380380233335
2015-01-18,209.78686978866665
2015-01-19,211.52337597333334
2015-01-20,213.26594362366666
2015-01-21,216.662955495
2015-01-22,234.59513239066666
2015-01-23,231.587379811
2015-01-24,241.40657920499999
2015-01-25,249.88791445933336
2015-01-26,282.5544546136667
2015-01-27,252.00037438466669
2015-01-28,258.56687874466667
2015-01-29,233.436387814
2015-01-30,230.97735172766667
2015-01-31,228.53888338166666
2015-02-01,220.79550939233332
2015-02-02,228.495937551
2015-02-03,236.76603145466666
2015-02-04,226.19372689825
2015-02-05,219.36420599966664
2015-02-06,219.36510414333335
2015-02-07,224.29001447966667
2015-02-08,223.32169617499997
2015-02-09,219.34327824033332
2015-02-10,217.603493112
2015-02-11,218.6126759583333
2015-02-12,221.90358890266668
2015-02-13,233.45785720566664
2015-02-14,246.15886491066667
2015-02-15,243.81968907233332
2015-02-16,237.15833653666667
2015-02-17,238.70281795833333
2015-02-18,236.39615202933336
2015-02-19,239.97951891900001
2015-02-20,244.17275593933334
2015-02-21,243.9105807886667
2015-02-22,239.33976637599997
2015-02-23,236.288577645
2015-02-24,238.62566834766668
2015-02-25,238.15223139900002
2015-02-26,236.45983775099998
2015-02-27,248.5391215993333
2015-02-28,251.47650180533333
2015-03-01,251.69696408666667
2015-03-02,266.42182621666666
2015-03-03,275.27505333466667
2015-03-04,276.24310458166667
2015-03-05,276.18864761833333
2015-03-06,272.637785757
2015-03-07,272.455536598
2015-03-08,276.9580497636667
2015-03-09,282.257773829
2015-03-10,285.3161146196667
2015-03-11,293.69007376366665
2015-03-12,293.47383677466667
2015-03-13,288.2941937323333
2015-03-14,282.91664277700005
2015-03-15,285.8633824363333
2015-03-16,290.305646997
2015-03-17,287.8141553376667
2015-03-18,267.8626109256666
2015-03-19,257.31843525433334
2015-03-20,261.16806398033333
2015-03-21,260.4324966186667
2015-03-22,265.7547969346667
2015-03-23,266.793176268
2015-03-24,254.418526036
2015-03-25,244.11600050833331
2015-03-26,252.686736771
2015-03-27,247.8279136483333
2015-03-28,251.19398491899997
2015-03-29,243.17023977
2015-03-30,245.49243297166666
2015-03-31,244.42164568500002
2015-04-01,244.15959790766667
2015-04-02,250.03249342466665
2015-04-03,254.09991241133332
2015-04-04,252.27638270466664
2015-04-05,255.82443271399998
2015-04-06,257.45299074533335
2015-04-07,254.26956541166666
2015-04-08,246.68779918933333
2015-04-09,243.266562687
2015-04-10,237.81185497
2015-04-11,236.09314460966667
2015-04-12,237.29224447233332
2015-04-13,230.153256521
2015-04-14,221.29913976166668
2015-04-15,219.45617287533332
2015-04-16,226.972484643
2015-04-17,225.59687393233332
2015-04-18,223.07604683366665
2015-04-19,225.16374206700002
2015-04-20,224.80427757333334
2015-04-21,228.678672477
2015-04-22,235.23953617466668
2015-04-23,234.033655321
2015-04-24,232.56414686633332
2015-04-25,228.32454174866666
2015-04-26,219.28446393033335
2015-04-27,224.27634248933336
2015-04-28,225.70036362566665
2015-04-29,225.44977650566668
2015-04-30,232.30335304266669
2015-05-01,234.471705294
2015-05-02,233.64421902366666
2015-05-03,238.85569659833334
2015-05-04,239.26993002433332
2015-05-05,234.66070531466667
2015-05-06,232.42551982133332
2015-05-07,233.03548504166667
2015-05-08,240.170984915
2015-05-09,241.86584417666668
2015-05-10,240.24503054133334
2015-05-11,241.882799106
2015-05-12,241.27936322375
2015-05-13,241.36147442425
2015-05-14,237.01219700125
2015-05-15,237.98549014725
2015-05-16,237.33527396125
2015-05-17,236.49781522925002
2015-05-18,235.14399893925
2015-05-19,232.76312143824998
2015-05-20,233.4445343695
2015-05-21,235.012701891
2015-05-22,236.2244625985
2015-05-23,239.141229339
2015-05-24,239.38523543050002
2015-05-25,237.26417868650003
2015-05-26,236.43734895825003
2015-05-27,236.28917066875002
2015-05-28,236.26059414050002
2015-05-29,235.95476682225
2015-05-30,233.07338365774999
2015-05-31,231.77438044475002
2015-06-01,226.0960457525
2015-06-02,224.8019430135
2015-06-03,225.5557439015
2015-06-04,224.96503775624998
2015-06-05,223.84257454875
2015-06-06,224.64443615175
2015-06-07,224.209171027
2015-06-08,226.33233953025
2015-06-09,228.89245969249998
2015-06-10,228.43545284175
2015-06-11,229.52949766999998
2015-06-12,229.75626565825002
2015-06-13,230.37944990825
2015-06-14,232.50268915875
2015-06-15,234.768040532
2015-06-16,244.43487989850001
2015-06-17,250.74331394875003
2015-06-18,247.659137582
2015-06-19,247.46140748575002
2015-06-20,243.420666428
2015-06-21,242.721997392
2015-06-22,245.83540153324998
2015-06-23,244.431314912
2015-06-24,242.12117779375
2015-06-25,241.48944305325
2015-06-26,241.71999722175
2015-06-27,247.2011374105
2015-06-28,249.75829386400002
2015-06-29,254.7461247555
2015-06-30,262.90933650700003
2015-07-01,258.95247978575
2015-07-02,256.158317093
2015-07-03,256.01209767324997
2015-07-04,257.43085006900003
2015-07-05,266.45528067775
2015-07-06,273.107149376
2015-07-07,267.20725276225005
2015-07-08,268.720136157
2015-07-09,269.945220253
2015-07-10,284.56304251975
2015-07-11,292.75277496649994
2015-07-12,306.398007185
2015-07-13,291.22150473175003
2015-07-14,291.045252254
2015-07-15,289.81516370325
2015-07-16,281.26281266725005
2015-07-17,277.55496488725
2015-07-18,278.59636441099997
2015-07-19,275.63868735475
2015-07-20,277.66281458624997
2015-07-21,279.21971705199996
2015-07-22,276.53559629824997
2015-07-23,277.09817906225
2015-07-24,284.84870542975
2015-07-25,288.92132236925
2015-07-26,290.81979228225
2015-07-27,291.39481665475
2015-07-28,294.45550658
2015-07-29,290.88519093225
2015-07-30,287.81532938975
2015-07-31,286.36907957925
2015-08-01,281.50550131725
2015-08-02,280.010416557
2015-08-03,283.3685690275
2015-08-04,283.307237348
2015-08-05,283.28656051375003
2015-08-06,280.30838882399996
2015-08-07,279.332947303
2015-08-08,270.25947989025
2015-08-09,264.05726162025
2015-08-10,265.214093376
2015-08-11,265.98065461375
2015-08-12,268.7838854225
2015-08-13,265.21595656775
2015-08-14,265.64437416975
2015-08-15,265.63050070574997
2015-08-16,259.692260531
2015-08-17,258.62545215775003
2015-08-18,245.06770009325004
2015-08-19,231.83355493875
2015-08-20,233.7114868725
2015-08-21,234.20876084575
2015-08-22,228.214469917
2015-08-23,229.733975926
2015-08-24,218.237701551
2015-08-25,214.78612006425
2015-08-26,227.88722651
2015-08-27,226.903126557
2015-08-28,229.78108579874998
2015-08-29,230.81131899699997
2015-08-30,228.93658827725002
2015-08-31,229.313679364
2015-09-01,228.43440211375002
2015-09-02,228.77488340349998
2015-09-03,227.98436123525002
2015-09-04,229.70799915625
2015-09-05,233.930367023
2015-09-06,240.55940353975
2015-09-07,240.70615260225
2015-09-08,243.68749327625
2015-09-09,240.26984984175
2015-09-10,238.90398635674998
2015-09-11,240.33689530199996
2015-09-12,237.963472161
2015-09-13,231.78453051075
2015-09-14,230.13692706749998
2015-09-15,230.65186583825
2015-09-16,228.840281623
2015-09-17,231.30424882425
2015-09-18,233.28840004949998
2015-09-19,231.82047428799999
2015-09-20,231.185417489
2015-09-21,228.09546254925
2015-09-22,229.3922425975
2015-09-23,230.60618830825
2015-09-24,232.4689977195
2015-09-25,235.40064601825
2015-09-26,234.76882249349998
2015-09-27,232.87771960875
2015-09-28,237.91912256175
2015-09-29,238.18568005499998
2015-09-30,236.78597794774998
2015-10-01,237.26084708825002
2015-10-02,238.137691942
2015-10-03,238.35604184649998
2015-10-04,238.935202237
2015-10-05,238.8962531505
2015-10-06,243.47851402474998
2015-10-07,244.42321218775
2015-10-08,243.53816042925
2015-10-09,243.665202416
2015-10-10,245.0714953525
2015-10-11,246.8994810185
2015-10-12,246.89092036625
2015-10-13,247.86607992275
2015-10-14,250.99939891875
2015-10-15,254.85877575299997
2015-10-16,260.76746482349995
2015-10-17,268.4713887515
2015-10-18,265.10701989275
2015-10-19,263.99267712525
2015-10-20,268.0132202735
2015-10-21,268.48614997575
2015-10-22,273.1686335715
2015-10-23,277.3542852455
2015-10-24,280.63428178050003
2015-10-25,289.27851185175
2015-10-26,284.56577166875
2015-10-27,293.116148307
2015-10-28,300.881109724
2015-10-29,310.5424826835
2015-10-30,324.727065342
2015-10-31,318.43375383425
2015-11-01,318.56213593675
2015-11-02,344.38068126900004
2015-11-03,385.7084720245
2015-11-04,440.63721082725
2015-11-05,400.89398572999994
2015-11-06,372.11264656
2015-11-07,382.10508242625
2015-11-08,378.69661282375
2015-11-09,374.45635805925
2015-11-10,352.32155460399997
2015-11-11,313.507524217
2015-11-12,326.00818703175
2015-11-13,333.73934608400003
2015-11-14,333.67711258775
2015-11-15,324.1570602025
2015-11-16,324.74112493725
2015-11-17,335.10483378725
2015-11-18,333.31060492150004
2015-11-19,330.41145132049996
2015-11-20,318.94718540575
2015-11-21,323.88539226200004
2015-11-22,323.91883937750003
2015-11-23,323.182350669
2015-11-24,321.50758209175
2015-11-25,323.82377339875
2015-11-26,347.58879914675003
2015-11-27,357.84093641775
2015-11-28,354.60945421525
2015-11-29,363.34108210774997
2015-11-30,376.16302413475
2015-12-01,364.76037524000003
2015-12-02,355.66532882975
2015-12-03,363.09402391825006
2015-12-04,361.01347681600004
2015-12-05,376.54668165000004
2015-12-06,392.91461360075
2015-12-07,392.45002127674996
2015-12-08,397.9340864495
2015-12-09,414.90238326025
2015-12-10,415.42878301125
2015-12-11,435.80356739075
2015-12-12,432.43908796475
2015-12-13,434.13116829025
2015-12-14,441.069363473
2015-12-15,455.46752524075
2015-12-16,454.09678860149995
2015-12-17,453.8034613625
2015-12-18,460.92617153175
2015-12-19,460.47200352825
2015-12-20,446.39673818024994
2015-12-21,437.31635738324997
2015-12-22,437.69671064725003
2015-12-23,440.70350965975
2015-12-24,453.6827477795
2015-12-25,454.73098610125
2015-12-26,425.90882707849994
2015-12-27,420.86506785475
2015-12-28,424.5035293525
2015-12-29,427.22857816525
2015-12-30,428.904184853
2015-12-31,426.19920228025
2016-01-01,432.873927742
2016-01-02,433.69519301674995
2016-01-03,429.01110041674997
2016-01-04,432.39579173274996
2016-01-05,432.149107155
2016-01-06,430.1591049015
2016-01-07,447.85050059850005
2016-01-08,454.977823173
2016-01-09,451.655656909
2016-01-10,445.86646117775
2016-01-11,447.6594481175
2016-01-12,445.3639965935
2016-01-13,431.294614831
2016-01-14,431.579051197
2016-01-15,396.38371538575
2016-01-16,372.2692832815
2016-01-17,384.8095806995
2016-01-18,382.76462421575
2016-01-19,382.16351769275
2016-01-20,400.77555488250005
2016-01-21,413.34515115375
2016-01-22,391.52078568925
2016-01-23,388.71893946525
2016-01-24,398.72676242700004
2016-01-25,394.994936132
2016-01-26,393.7211405722501
2016-01-27,394.4331127386667
2016-01-28,383.422435011
2016-01-29,375.4438951426667
2016-01-30,378.13188326766664
2016-01-31,375.359543502
2016-02-01,372.418495354
2016-02-02,373.1660107166667
2016-02-03,370.4665289496667
2016-02-04,381.18512373666664
2016-02-05,386.51595296200003
2016-02-06,376.0744746843333
2016-02-07,376.04899896766665
2016-02-08,374.559936705
2016-02-09,372.6992109003333
2016-02-10,377.03226021166665
2016-02-11,376.05160035933335
2016-02-12,380.563598489
2016-02-13,387.8444158943333
2016-02-14,398.0475221423333
2016-02-15,402.022907112
2016-02-16,403.78127997999997
2016-02-17,414.8298548683333
2016-02-18,419.69211034066666
2016-02-19,419.1844903516667
2016-02-20,432.92030808
2016-02-21,436.90451610100007
2016-02-22,436.30961817633334
2016-02-23,425.40748166233334
2016-02-24,420.51558918033334
2016-02-25,421.93507239599995
2016-02-26,423.7532994093333
2016-02-27,431.36901960566667
2016-02-28,429.18160745533334
2016-02-29,435.644200145
2016-03-01,432.75530249733333
2016-03-02,428.755954965
2016-03-03,418.9239259893333
2016-03-04,416.4131950543333
2016-03-05,397.089440998
2016-03-06,401.51019956249996
2016-03-07,408.36196312575
2016-03-08,411.392369918
2016-03-09,410.9735625475
2016-03-10,414.153103223
2016-03-11,419.25607724599996
2016-03-12,412.71119903975
2016-03-13,411.91258563475
2016-03-14,413.225804336
2016-03-15,415.2346230205
2016-03-16,415.29236017925
2016-03-17,418.690975556
2016-03-18,411.49244875
2016-03-19,408.09274090875
2016-03-20,411.23258668575
2016-03-21,410.08914335425
2016-03-22,415.4250483135
2016-03-23,416.35893907925004
2016-03-24,415.91534645775
2016-03-25,415.4867784355
2016-03-26,416.35025273975
2016-03-27,422.95682119775
2016-03-28,423.09929362275
2016-03-29,416.40062191600003
2016-03-30,412.692571757
2016-03-31,415.48928889350003
2016-04-01,416.39530034175
2016-04-02,419.50978824075
2016-04-03,418.65877555124996
2016-04-04,418.71852564375
2016-04-05,421.67407155925
2016-04-06,422.27141603699994
2016-04-07,421.58619282850003
2016-04-08,422.006178661
2016-04-09,417.30858698000003
2016-04-10,420.73040621366664
2016-04-11,421.70385351666664
2016-04-12,425.8210517713333
2016-04-13,425.0388088793334
2016-04-14,424.4757782535
2016-04-15,428.0228759345
2016-04-16,430.505069323
2016-04-17,428.56181713675
2016-04-18,428.3439057227499
2016-04-19,430.82072522325
2016-04-20,438.99819843999995
2016-04-21,445.55755680949994
2016-04-22,447.4360085915
2016-04-23,448.634841874
2016-04-24,455.91352676425
2016-04-25,462.53644064275
2016-04-26,466.782396318
2016-04-27,457.0164156395
2016-04-28,444.82818538400005
2016-04-29,452.0407346095
2016-04-30,453.44734665499993
2016-05-01,452.219047497
2016-05-02,445.669710163
2016-05-03,448.1064350445
2016-05-04,448.1965999135
2016-05-05,448.31620285875
2016-05-06,454.17670006125
2016-05-07,459.86006783225
2016-05-08,458.91795047924995
2016-05-09,461.12347105375
2016-05-10,455.5949298785
2016-05-11,453.78101687875005
2016-05-12,451.6897068015
2016-05-13,455.070143046
2016-05-14,455.14517991175
2016-05-15,456.78884649325
2016-05-16,456.06404887775
2016-05-17,453.72926069125
2016-05-18,454.6318459995
2016-05-19,445.89604983975005
2016-05-20,440.55522181149996
2016-05-21,441.77148543875
2016-05-22,440.79767158825
2016-05-23,441.10949562375004
2016-05-24,444.779956678
2016-05-25,448.06758746375
2016-05-26,450.840035016
2016-05-27,469.6923390395
2016-05-28,495.78063707175
2016-05-29,522.097543204
2016-05-30,530.07275809525
2016-05-31,534.5561716134999
2016-06-01,534.19119321725
2016-06-02,535.61934453725
2016-06-03,559.9444310927499
2016-06-04,575.0469936007499
2016-06-05,575.88466583475
2016-06-06,582.7988986759999
2016-06-07,579.21122402575
2016-06-08,578.2492315755001
2016-06-09,577.38656730125
2016-06-10,577.6978925462499
2016-06-11,590.2971041547501
2016-06-12,643.742908843
2016-06-13,692.80515924875
2016-06-14,683.1552683432501
2016-06-15,685.52974237875
2016-06-16,739.91549466125
2016-06-17,744.88184885175
2016-06-18,758.28542223275
2016-06-19,755.6676568070001
2016-06-20,744.705133096
2016-06-21,674.707938934
2016-06-22,639.39402673725
2016-06-23,592.322091213
2016-06-24,661.1085575924999
2016-06-25,673.98747597525
2016-06-26,638.4033598392499
2016-06-27,642.3729925592501
2016-06-28,649.0754086945
2016-06-29,634.88390475125
2016-06-30,660.7425849552501
2016-07-01,677.386195219
2016-07-02,690.990672961
2016-07-03,673.34865323725
2016-07-04,671.55481310825
2016-07-05,672.77522321325
2016-07-06,673.75588843275
2016-07-07,638.24952633175
2016-07-08,649.06661476625
2016-07-09,649.2425379985
2016-07-10,647.56882900375
2016-07-11,651.46694326775
2016-07-12,660.6028815479999
2016-07-13,662.87411862475
2016-07-14,659.5173972845
2016-07-15,664.6328443399999
2016-07-16,664.13922299025
2016-07-17,672.79797281275
2016-07-18,676.729032477
2016-07-19,671.9902491225
2016-07-20,668.887376536
2016-07-21,664.99166775
2016-07-22,657.8989244635
2016-07-23,654.5276806889999
2016-07-24,658.6897076172501
2016-07-25,656.6631300695001
2016-07-26,652.4488836615
2016-07-27,654.43570489425
2016-07-28,656.26403775625
2016-07-29,655.6973321615
2016-07-30,655.67413527075
2016-07-31,635.42157561025
2016-08-01,619.52298367175
2016-08-02,559.95501561625
2016-08-03,549.3306489500001
2016-08-04,576.3140779985
2016-08-05,573.87715731675
2016-08-06,578.568765733
2016-08-07,592.64423310575
2016-08-08,591.38266409525
2016-08-09,587.4519629335
2016-08-10,592.4797246669999
2016-08-11,592.6497681230001
2016-08-12,586.87519862925
2016-08-13,586.7764168264999
2016-08-14,574.82236797275
2016-08-15,568.1654104612501
2016-08-16,574.126599899
2016-08-17,574.2839552764999
2016-08-18,574.0197072365
2016-08-19,573.80677413125
2016-08-20,577.049945159
2016-08-21,580.8961042447501
2016-08-22,583.2290092530001
2016-08-23,582.6154193780001
2016-08-24,579.7757975715
2016-08-25,575.1448169015
2016-08-26,577.7195663929999
2016-08-27,572.1870394915
2016-08-28,572.01173522925
2016-08-29,574.39715585725
2016-08-30,575.5108215639999
2016-08-31,572.78714723775
2016-09-01,571.23702746075
2016-09-02,572.51847378225
2016-09-03,583.04999394625
2016-09-04,604.1063118955001
2016-09-05,604.60893271075
2016-09-06,608.4081537342499
2016-09-07,612.6499334275001
2016-09-08,623.467912393
2016-09-09,622.3227985105
2016-09-10,623.179573291
2016-09-11,611.3911879225
2016-09-12,607.0073775345
2016-09-13,608.3558728905
2016-09-14,609.8884631365
2016-09-15,608.48956151525
2016-09-16,607.74878461525
2016-09-17,606.194110247
2016-09-18,608.606312111
2016-09-19,608.69706670525
2016-09-20,607.94892405
2016-09-21,596.4294828789999
2016-09-22,596.4085195125
2016-09-23,599.231252377
2016-09-24,602.8274480279999
2016-09-25,600.433238841
2016-09-26,604.54790761275
2016-09-27,605.0168524530001
2016-09-28,604.44773612125
2016-09-29,605.3873883175
2016-09-30,606.26439757325
2016-10-01,613.1837933635
2016-10-02,610.549908924
2016-10-03,611.89900666275
2016-10-04,609.6574339819999
2016-10-05,611.60739579875
2016-10-06,611.974583675
2016-10-07,614.826222071
2016-10-08,617.8671512252499
2016-10-09,616.58699614
2016-10-10,616.5671045035
2016-10-11,631.7746086442501
2016-10-12,637.70696789725
2016-10-13,635.5403767345
2016-10-14,636.942884862
2016-10-15,640.341745439
2016-10-16,640.91459387475
2016-10-17,638.45016292575
2016-10-18,636.5150703145
2016-10-19,631.987920176
2016-10-20,629.04045655375
2016-10-21,631.0304657895
2016-10-22,645.2207476042499
2016-10-23,652.87823007775
2016-10-24,649.3263492527499
2016-10-25,654.8182919957501
2016-10-26,666.5282625975
2016-10-27,681.6972330705
2016-10-28,686.6315330985
2016-10-29,707.111757355
2016-10-30,702.3672914657501
2016-10-31,698.4510115815
2016-11-01,723.4116459679999
2016-11-02,727.99320683425
2016-11-03,710.12068685475
2016-11-04,699.139686788
2016-11-05,704.079639803
2016-11-06,710.9228710795
2016-11-07,705.9519710285
2016-11-08,708.875636885
2016-11-09,728.9920091644999
2016-11-10,714.4428521485
2016-11-11,715.6231069415
2016-11-12,707.97307762225
2016-11-13,695.3408801697501
2016-11-14,702.6768336027499
2016-11-15,710.8067978292501
2016-11-16,730.77868880875
2016-11-17,744.770724656
2016-11-18,745.1410425165
2016-11-19,748.4897290267501
2016-11-20,733.39057442475
2016-11-21,735.4932365387499
2016-11-22,742.4851253065
2016-11-23,740.8876108015
2016-11-24,736.1247590287501
2016-11-25,735.3549174535
2016-11-26,732.368383532
2016-11-27,731.678955277
2016-11-28,731.8242285905
2016-11-29,732.0423531375
2016-11-30,739.13271063475
2016-12-01,749.56570694925
2016-12-02,767.0674433062501
2016-12-03,765.2804440179999
2016-12-04,764.1652921927499
2016-12-05,753.05398674025
2016-12-06,756.2689263965001
2016-12-07,762.761579097
2016-12-08,769.2482129586666
2016-12-09,770.7469701240001
2016-12-10,773.434261089
2016-12-11,767.2042006086667
2016-12-12,775.790238963
2016-12-13,778.807194636
2016-12-14,777.346791722
2016-12-15,777.3184226366666
2016-12-16,779.560683415
2016-12-17,788.2297177363334
2016-12-18,788.234091076
2016-12-19,790.8675731176667
2016-12-20,793.2349436236667
2016-12-21,817.1631462526666
2016-12-22,856.5810803953333
2016-12-23,898.1412370856666
2016-12-24,902.0447469353334
2016-12-25,875.2723157419999
2016-12-26,901.6997524753333
2016-12-27,920.1872491476666
2016-12-28,958.1983750356667
2016-12-29,969.9887617149999
2016-12-30,951.2042028643333
2016-12-31,957.194756165
2017-01-01,988.524547387
2017-01-02,1014.9669647833334
2017-01-03,1022.1765782733333
2017-01-04,1092.7611286033334
2017-01-05,1004.6632558013333
2017-01-06,934.5395440023334
2017-01-07,864.715215451
2017-01-08,916.0949874900001
2017-01-09,893.5882021856665
2017-01-10,906.2894187106666
2017-01-11,825.1592728773334
2017-01-12,788.5001563330001
2017-01-13,805.586757594
2017-01-14,829.0227764763334
2017-01-15,819.1614904203333
2017-01-16,830.7381421176666
2017-01-17,882.8855015683334
2017-01-18,882.4844543109999
2017-01-19,896.1731349806665
2017-01-20,896.2968741416666
2017-01-21,914.2248003629999
2017-01-22,919.574501463
2017-01-23,921.4897153333335
2017-01-24,904.1352230813333
2017-01-25,893.7843377833333
2017-01-26,908.2027930190001
2017-01-27,917.6599640516666
2017-01-28,919.3390532836667
2017-01-29,917.088027853
2017-01-30,919.4187538893333
2017-01-31,951.6676343426667
2017-02-01,973.43302306
2017-02-02,996.7623403816666
2017-02-03,1011.62543293
2017-02-04,1023.9252681900001
2017-02-05,1017.6894321999999
2017-02-06,1024.7660241866668
2017-02-07,1043.0341244433332
2017-02-08,1049.20963852
2017-02-09,995.686589583
2017-02-10,979.5176955396668
2017-02-11,1007.8451239933333
2017-02-12,1004.24735853
2017-02-13,995.8491963223332
2017-02-14,1008.7274110133334
2017-02-15,1011.1909384933333
2017-02-16,1031.05822567
2017-02-17,1048.51482559
2017-02-18,1064.49928362
2017-02-19,1053.3784213333333
2017-02-20,1064.8006828933333
2017-02-21,1105.6194254099998
2017-02-22,1122.6925188166667
2017-02-23,1156.4648013666667
2017-02-24,1173.97814888
2017-02-25,1158.0030721233334
2017-02-26,1165.81372938
2017-02-27,1186.8825880133334
2017-02-28,1191.7858479833333
2017-03-01,1212.1083370566666
2017-03-02,1247.0651504366667
2017-03-03,1271.3576718266668
2017-03-04,1263.4595720333334
2017-03-05,1263.5745777233333
2017-03-06,1276.0229209766667
2017-03-07,1239.8022680633333
2017-03-08,1185.3213522766666
2017-03-09,1170.5723105133334
2017-03-10,1170.7022693266665
2017-03-11,1162.4888133466666
2017-03-12,1201.6432864533335
2017-03-13,1230.8244418966667
2017-03-14,1242.9445337033333
2017-03-15,1250.8386851066668
2017-03-16,1193.8489612233334
2017-03-17,1112.36963859
2017-03-18,1010.0120508596666
2017-03-19,1009.4423797883333
2017-03-20,1029.5384378
2017-03-21,1084.1278632566666
2017-03-22,1040.3870467000002
2017-03-23,1036.5563137333334
2017-03-24,977.7994218673333
2017-03-25,924.100118834
2017-03-26,966.7455032060001
2017-03-27,1002.562254952
2017-03-28,1043.9584182166666
2017-03-29,1033.7341035166667
2017-03-30,1032.8763933933333
2017-03-31,1060.5659782566668
2017-04-01,1083.3803083833334
2017-04-02,1093.2950146933333
2017-04-03,1134.11223468
2017-04-04,1143.6247640133333
2017-04-05,1129.4879003866668
2017-04-06,1167.3862946066668
2017-04-07,1191.3654684166665
2017-04-08,1186.9998870633333
2017-04-09,1199.2504777525
2017-04-10,1209.5538066899999
2017-04-11,1216.29654573
2017-04-12,1218.3121235275
2017-04-13,1182.77934972
2017-04-14,1179.6072233625
2017-04-15,1179.9539567025
2017-04-16,1177.64771703
2017-04-17,1185.323181785
2017-04-18,1202.6171317825
2017-04-19,1201.87025783
2017-04-20,1224.6149338300002
2017-04-21,1244.3412703099998
2017-04-22,1236.28445855
2017-04-23,1241.013556005
2017-04-24,1247.3160683424999
2017-04-25,1269.47394936
2017-04-26,1295.9991942375
2017-04-27,1323.3382710275
2017-04-28,1326.99621714
2017-04-29,1338.8428100449999
2017-04-30,1340.4740947875
2017-05-01,1403.9091771575002
2017-05-02,1446.4470692149998
2017-05-03,1481.0629229449999
2017-05-04,1553.6362094325
2017-05-05,1561.3785529174997
2017-05-06,1560.1824087225002
2017-05-07,1557.7668061299998
2017-05-08,1608.8909602375002
2017-05-09,1716.09202533
2017-05-10,1753.56629376
2017-05-11,1836.07621725
2017-05-12,1746.554111165
2017-05-13,1701.97642129
2017-05-14,1789.9939521775
2017-05-15,1738.3738403324999
2017-05-16,1731.6258941375
2017-05-17,1806.654266365
2017-05-18,1847.5722137075
2017-05-19,1931.1037646300001
2017-05-20,1991.68573065
2017-05-21,2032.6765870175
2017-05-22,2127.00265536
2017-05-23,2198.140521655
2017-05-24,2362.6347394875
2017-05-25,2523.9342977750002
2017-05-26,2343.4238622025
2017-05-27,2063.2308673674997
2017-05-28,2193.0130485325
2017-05-29,2247.6364501
2017-05-30,2253.55132596
2017-05-31,2249.4002116525
2017-06-01,2393.2492736325003
2017-06-02,2425.6684099824997
2017-06-03,2523.831000555
2017-06-04,2518.59287667
2017-06-05,2605.90005391
2017-06-06,2816.20133411
2017-06-07,2786.4358383425
2017-06-08,2746.386332665
2017-06-09,2826.0885364075
2017-06-10,2857.7370782400003
2017-06-11,2903.593034505
2017-06-12,2783.0081039
2017-06-13,2709.72160183
2017-06-14,2602.55097414
2017-06-15,2319.8330557833337
2017-06-16,2443.87641635
2017-06-17,2562.3543956099998
2017-06-18,2558.5781393833336
2017-06-19,2554.4250749633334
2017-06-20,2672.7396587266667
2017-06-21,2688.32336742
2017-06-22,2674.29322732
2017-06-23,2705.722837136667
2017-06-24,2612.0392131733333
2017-06-25,2529.2567771366666
2017-06-26,2424.401476183333
2017-06-27,2391.272136433334
2017-06-28,2534.65212473
2017-06-29,2554.2638715366666
2017-06-30,2508.38346005
2017-07-01,2443.1853618633336
2017-07-02,2451.3202754
2017-07-03,2528.7763351500002
2017-07-04,2599.00389339
2017-07-05,2576.6908267566664
2017-07-06,2592.981918823333
2017-07-07,2536.03281336
2017-07-08,2513.79341311
2017-07-09,2539.16571316
2017-07-10,2410.2793682633333
2017-07-11,2338.9085033866663
2017-07-12,2349.3657098
2017-07-13,2361.87288842
2017-07-14,2243.767067395
2017-07-15,2060.51613768
2017-07-16,1910.92819629
2017-07-17,2070.2654636224997
2017-07-18,2291.3833937025
2017-07-19,2303.5088018825
2017-07-20,2599.429971125
2017-07-21,2727.20588195
2017-07-22,2789.57343203
2017-07-23,2764.1819600225
2017-07-24,2757.0687788525
2017-07-25,2589.12415328
2017-07-26,2490.9021479925
2017-07-27,2578.822028795
2017-07-28,2747.2341492624996
2017-07-29,2716.7771649225
2017-07-30,2681.9457645724997
2017-07-31,2790.9486349024996
2017-08-01,2766.2596251850005
2017-08-02,2709.243879005
2017-08-03,2754.45025784
2017-08-04,2837.7507398225
2017-08-05,3161.3251293724998
2017-08-06,3236.393649135
2017-08-07,3335.2191663775
2017-08-08,3420.206767155
2017-08-09,3334.607319275
2017-08-10,3404.5033463850004
2017-08-11,3529.1731713875006
2017-08-12,3807.98931061
2017-08-13,4024.8224703275
2017-08-14,4211.0278160475
2017-08-15,4127.309479637501
2017-08-16,4191.1001120725
2017-08-17,4338.441839105
2017-08-18,4179.409216835
2017-08-19,4075.310363175
2017-08-20,4093.4238142574995
2017-08-21,4020.2149517025
2017-08-22,3902.0501490125
2017-08-23,4155.514187085
2017-08-24,4216.6554959325
2017-08-25,4367.376742835
2017-08-26,4314.139646109999
2017-08-27,4344.1647775275005
2017-08-28,4302.137064275
2017-08-29,4507.6750042525
2017-08-30,4572.0909954825
2017-08-31,4683.961488972501
2017-09-01,4816.1924708100005
2017-09-02,4703.138940445
2017-09-03,4597.1381452325
2017-09-04,4384.0527137725
2017-09-05,4314.02047535
2017-09-06,4569.2678441475
2017-09-07,4601.7824420375
2017-09-08,4391.4331653125
2017-09-09,4304.6896537625
2017-09-10,4200.520351380001
2017-09-11,4225.0047071075005
2017-09-12,4231.3135019425
2017-09-13,3911.9058283249997
2017-09-14,3527.60640986
2017-09-15,3437.9238996100003
2017-09-16,3740.6541722724996
2017-09-17,3652.4414780825
2017-09-18,3974.093918235
2017-09-19,3964.0242162625
2017-09-20,3943.0545343700005
2017-09-21,3736.9438959925
2017-09-22,3618.0498001075
2017-09-23,3724.6449461949996
2017-09-24,3695.374948565
2017-09-25,3850.611081885
2017-09-26,3914.7957138075003
2017-09-27,4072.9288853125
2017-09-28,4187.1321365275
2017-09-29,4125.84989006
2017-09-30,4277.0743814
2017-10-01,4308.244918685
2017-10-02,4400.7084392925
2017-10-03,4306.2629562725
2017-10-04,4246.11247491
2017-10-05,4274.745294362499
2017-10-06,4367.727270655
2017-10-07,4370.066762385
2017-10-08,4505.66346954
2017-10-09,4691.4631099325
2017-10-10,4815.575804995
2017-10-11,4796.988254612499
2017-10-12,5142.09043864
2017-10-13,5625.0621154475
2017-10-14,5696.0889585525
2017-10-15,5616.576843017499
2017-10-16,5686.5382316275
2017-10-17,5616.650322829999
2017-10-18,5374.97682662
2017-10-19,5652.26385537
2017-10-20,5890.57701619
2017-10-21,6064.3366835425
2017-10-22,5896.3529313375
2017-10-23,5849.1437816125
2017-10-24,5648.935560605
2017-10-25,5541.14161191
2017-10-26,5860.704860285
2017-10-27,5810.2239921049995
2017-10-28,5747.335317880001
2017-10-29,6014.0423315525
2017-10-30,6120.24616744
2017-10-31,6296.738508085
2017-11-01,6550.4873767425
2017-11-02,6979.11781709
2017-11-03,7251.821683555
2017-11-04,7270.8598621625
2017-11-05,7461.770674937499
2017-11-06,7175.2875743674995
2017-11-07,7103.5289993075
2017-11-08,7424.864365527499
2017-11-09,7231.3319406925
2017-11-10,6828.03342009
2017-11-11,6463.054538085
2017-11-12,6006.2854622375
2017-11-13,6381.84947574
2017-11-14,6604.7854390125
2017-11-15,7055.790527714999
2017-11-16,7531.09569375
2017-11-17,7806.10347487
2017-11-18,7683.26192842
2017-11-19,7890.431605837501
2017-11-20,8139.665665045
2017-11-21,8112.077009782499
2017-11-22,8191.0142020225
2017-11-23,8162.075429662499
2017-11-24,8142.0643735725
2017-11-25,8489.57493868
2017-11-26,9110.6846262325
2017-11-27,9566.589654777501
2017-11-28,9827.398989502499
2017-11-29,10356.6744848
2017-11-30,9813.677392227499
2017-12-01,10310.264407300001
2017-12-02,10932.62871675
2017-12-03,11270.83267315
2017-12-04,11353.531188050001
2017-12-05,11685.015594175
2017-12-06,11707.274872633332
